{"indexes":[{"v":{"$numberInt":"2"},"key":{"_id":{"$numberInt":"1"}},"name":"_id_","ns":"l2market.shopitems"},{"v":{"$numberInt":"2"},"key":{"createdAt":{"$numberInt":"1"}},"name":"createdAt_1","ns":"l2market.shopitems"},{"v":{"$numberInt":"2"},"key":{"_fts":"text","_ftsx":{"$numberInt":"1"}},"name":"item.text_text","weights":{"item.text":{"$numberInt":"1"}},"default_language":"english","language_override":"language","ns":"l2market.shopitems","textIndexVersion":{"$numberInt":"3"}}],"uuid":"a1eea6d16761476d85cdabb7cffabe96","collectionName":"shopitems"}